﻿<?xml version="1.0" encoding="utf-8"?>
<component format="1" id="quickui">
  <name>QuickUI</name>
  <publisher>Xamarin</publisher>
  <publisher-url>http://xamarin.com/duplo</publisher-url>
  <version>1.0.2</version>
  <summary>Rapid native application development, made easy.</summary>
  <samples>
    <sample id="ControlGalleries">
      <name>Control Galleries</name>
      <summary>Per-platform control galleries, showcasing Duplo.</summary>
    </sample>
  </samples>
</component>